{"SOL-STEP":{"r":24.645016437289968,"c":20},"SOL-USDC":{"r":22.280834687625426,"c":200},"SOL-RAY":{"r":14.307277638282264,"c":200},"SOL-ETH":{"r":18.935836820795416,"c":200},"SOL-SRM":{"r":22.893997030673933,"c":200},"SOL-COPE":{"r":19.499772944660677,"c":200},"SOL-MNT":{"r":16.70357843605761,"c":200},"STEP-USDC":{"r":24.708360241694827,"c":200},"STEP-RAY":{"r":17.801377513033213,"c":200},"STEP-ETH":{"r":19.10893653753637,"c":200},"STEP-SRM":{"r":20.396889716394693,"c":200},"STEP-COPE":{"r":20.784168832177006,"c":200},"STEP-MNT":{"r":17.023330422590522,"c":200},"USDC-RAY":{"r":20.138750594724204,"c":200},"USDC-ETH":{"r":20.09334846974075,"c":200},"USDC-SRM":{"r":23.66776446010412,"c":200},"USDC-COPE":{"r":22.47223380431381,"c":200},"USDC-MNT":{"r":18.365425738473018,"c":200},"RAY-ETH":{"r":20.009856220776033,"c":200},"RAY-SRM":{"r":16.637012462474413,"c":200},"RAY-COPE":{"r":18.615670701151494,"c":200},"RAY-MNT":{"r":22.027875528581347,"c":200},"ETH-SRM":{"r":23.127059220374132,"c":200},"ETH-COPE":{"r":19.381687766170703,"c":200},"ETH-MNT":{"r":22.265838229191385,"c":200},"SRM-COPE":{"r":20.150431201996298,"c":200},"SRM-MNT":{"r":17.205147959784117,"c":200},"COPE-MNT":{"r":17.81696377570394,"c":200}}